{
  "version": 2,
  "functions": {
    "api/index.js": {
      "runtime": "@vercel/node",
      "memory": 1024,
      "maxDuration": 30
    }
  },
  "builds": [
    {
      "src": "package.json",
      "use": "@vercel/static-build",
      "config": {
        "distDir": "dist"
      }
    }
  ],
  "rewrites": [
    {
      "source": "/api/(.*)",
      "destination": "/api/index.js"
    },
    {
      "source": "/(.*)",
      "destination": "/index.html"
    }
  ],
  "headers": [
    {
      "source": "/api/(.*)",
      "headers": [
        {
          "key": "Cache-Control",
          "value": "s-maxage=300, stale-while-revalidate"
        }
      ]
    },
    {
      "source": "/(.*)",
      "headers": [
        {
          "key": "X-Content-Type-Options",
          "value": "nosniff"
        },
        {
          "key": "X-Frame-Options",
          "value": "DENY"
        },
        {
          "key": "X-XSS-Protection",
          "value": "1; mode=block"
        }
      ]
    }
  ],
  "env": {
    "NODE_ENV": "production"
  },
  "buildCommand": "npm run build",
  "outputDirectory": "dist",
  "installCommand": "npm install --production=false"
}